Community,Countries,Internal Trade,External Trade,Total,Internal %,External %
1,103,471440963.0,428621430.0,900062393.0,52.37869803988133,47.62130196011867
2,60,664122232.0,322191007.0,986313239.0,67.33380489481597,32.66619510518402
3,35,267405093.0,307646429.0,575051522.0,46.501066907879604,53.498933092120396
